dataset	no	nbSentences	elman	perf
UD_Dutch	0	890	1	0.99429658
UD_Dutch	1	1780	1	0.98642042
UD_Dutch	2	2670	1	0.98814050
UD_Dutch	3	3560	1	0.98678255
UD_Dutch	4	4450	1	0.98804997
UD_Dutch	5	5340	1	0.98705414
UD_Dutch	6	6230	1	0.98714467
UD_Dutch	7	7120	1	0.98768785
UD_Dutch	8	8010	1	0.98687308
UD_Dutch	9	8900	1	0.98533406
