dataset	no	nbSentences	elman	perf
UD_Czech-CAC	0	890	1	0.99833703
UD_Czech-CAC	1	1780	1	0.99963045
UD_Czech-CAC	2	2670	1	0.99944568
UD_Czech-CAC	3	3560	1	0.99981523
UD_Czech-CAC	4	4450	1	0.99963045
UD_Czech-CAC	5	5340	1	0.99963045
UD_Czech-CAC	6	6230	1	0.99926090
UD_Czech-CAC	7	7120	1	0.99963045
UD_Czech-CAC	8	8010	1	0.99935329
UD_Czech-CAC	9	8900	1	0.99926090
