dataset	no	nbSentences	elman	perf
UD_Latin-ITTB	10000	10000	0	0.99964783
UD_Latin-ITTB	1000	1000	0	0.99958075
UD_Latin-ITTB	100	100	0	0.99956398
UD_Latin-ITTB	10	10	0	0.99875901
