dataset	no	nbSentences	elman	perf
UD_Latin-ITTB	10000	10000	0	0.99753811
UD_Latin-ITTB	1000	1000	0	0.99715936
UD_Latin-ITTB	100	100	0	0.99706467
UD_Latin-ITTB	10	10	0	0.98797462
