dataset	no	nbSentences	elman	perf
UD_Latin-ITTB	0	890	0	0.99715936
UD_Latin-ITTB	1	1780	0	0.99753811
UD_Latin-ITTB	2	2670	0	0.99829562
UD_Latin-ITTB	3	3560	0	0.99839030
UD_Latin-ITTB	4	4450	0	0.99791686
UD_Latin-ITTB	5	5340	0	0.99772749
UD_Latin-ITTB	6	6230	0	0.99763280
UD_Latin-ITTB	7	7120	0	0.99763280
UD_Latin-ITTB	8	8010	0	0.99753811
UD_Latin-ITTB	9	8900	0	0.99753811
