dataset	no	nbSentences	elman	perf
UD_Czech-CAC	10000	10000	1	0.99944568
UD_Czech-CAC	1000	1000	1	0.99870658
UD_Czech-CAC	100	100	1	0.99815225
UD_Czech-CAC	10	10	1	0.99676644
