dataset	no	nbSentences	elman	perf
UD_English	0	890	0	0.97370204
UD_English	1	1780	0	0.97832410
UD_English	2	2670	0	0.97908117
UD_English	3	3560	0	0.98123282
UD_English	4	4450	0	0.98027653
UD_English	5	5340	0	0.98234849
UD_English	6	6230	0	0.98354385
UD_English	7	7120	0	0.98430091
UD_English	8	8010	0	0.98665179
UD_English	9	8900	0	0.98665179
