dataset	no	nbSentences	elman	perf
UD_German	10000	10000	0	0.99568723
UD_German	1000	1000	0	0.97118570
UD_German	100	100	0	0.96724795
UD_German	10	10	0	0.94749672
