dataset	no	nbSentences	elman	perf
UD_Czech	10000	10000	1	0.99967122
UD_Czech	1000	1000	1	0.99957351
UD_Czech	100	100	1	0.99555183
UD_Czech	10	10	1	0.99499403
