dataset	no	nbSentences	elman	perf
UD_Czech	10000	10000	1	0.99719444
UD_Czech	1000	1000	1	0.99622085
UD_Czech	100	100	1	0.95752489
UD_Czech	10	10	1	0.95497281
