dataset	no	nbSentences	elman	perf
UD_Ancient_Greek	0	890	0	0.99966601
UD_Ancient_Greek	1	1780	0	0.99966601
UD_Ancient_Greek	2	2670	0	0.99966601
UD_Ancient_Greek	3	3560	0	0.99966601
UD_Ancient_Greek	4	4450	0	0.99966601
UD_Ancient_Greek	5	5340	0	0.99966601
UD_Ancient_Greek	6	6230	0	0.99966601
UD_Ancient_Greek	7	7120	0	0.99966601
UD_Ancient_Greek	8	8010	0	0.99966601
UD_Ancient_Greek	9	8900	0	0.99966601
