dataset	no	nbSentences	elman	perf
UD_Czech	0	890	1	0.99705042
UD_Czech	1	1780	1	0.99785695
UD_Czech	2	2670	1	0.99788575
UD_Czech	3	3560	1	0.99737879
UD_Czech	4	4450	1	0.99807586
UD_Czech	5	5340	1	0.99752857
UD_Czech	6	6230	1	0.99765531
UD_Czech	7	7120	1	0.99790879
UD_Czech	8	8010	1	0.99778781
UD_Czech	9	8900	1	0.99783390
