dataset	no	nbSentences	elman	perf
UD_Spanish-AnCora	10000	10000	1	0.99858868
UD_Spanish-AnCora	1000	1000	1	0.99921805
UD_Spanish-AnCora	100	100	1	0.99757786
UD_Spanish-AnCora	10	10	1	0.98897641
