dataset	no	nbSentences	elman	perf
UD_Czech-FicTree	0	890	0	0.99765667
UD_Czech-FicTree	1	1780	0	0.99771676
UD_Czech-FicTree	2	2670	0	0.99759659
UD_Czech-FicTree	3	3560	0	0.99993991
UD_Czech-FicTree	4	4450	0	0.99993991
UD_Czech-FicTree	5	5340	0	0.99993991
UD_Czech-FicTree	6	6230	0	0.99993991
UD_Czech-FicTree	7	7120	0	0.99993991
UD_Czech-FicTree	8	8010	0	0.99993991
UD_Czech-FicTree	9	8900	0	0.99993991
