dataset	no	nbSentences	elman	perf
UD_Hindi	0	890	0	0.98998024
UD_Hindi	1	1780	0	0.99971775
UD_Hindi	2	2670	0	0.99926616
UD_Hindi	3	3560	0	0.99940728
UD_Hindi	4	4450	0	0.99957663
UD_Hindi	5	5340	0	0.99971775
UD_Hindi	6	6230	0	0.99980243
UD_Hindi	7	7120	0	0.99974598
UD_Hindi	8	8010	0	0.99968953
UD_Hindi	9	8900	0	0.99968953
