dataset	no	nbSentences	elman	perf
UD_French	0	890	0	0.99445699
UD_French	1	1780	0	0.99455964
UD_French	2	2670	0	0.99414905
UD_French	3	3560	0	0.99363580
UD_French	4	4450	0	0.99363580
UD_French	5	5340	0	0.99353316
UD_French	6	6230	0	0.99466229
UD_French	7	7120	0	0.99373845
UD_French	8	8010	0	0.99425169
UD_French	9	8900	0	0.99445699
