dataset	no	nbSentences	elman	perf
UD_Spanish	10000	10000	0	0.99931816
UD_Spanish	1000	1000	0	0.99880678
UD_Spanish	100	100	0	0.99821018
UD_Spanish	10	10	0	0.96633427
