dataset	no	nbSentences	elman	perf
UD_Finnish	0	890	0	0.98125297
UD_Finnish	1	1780	0	0.98974846
UD_Finnish	2	2670	0	0.99027053
UD_Finnish	3	3560	0	0.99055529
UD_Finnish	4	4450	0	0.99311818
UD_Finnish	5	5340	0	0.99017561
UD_Finnish	6	6230	0	0.99439962
UD_Finnish	7	7120	0	0.99416232
UD_Finnish	8	8010	0	0.99387755
UD_Finnish	9	8900	0	0.99397247
