dataset	no	nbSentences	elman	perf
UD_German	0	890	0	0.97262329
UD_German	1	1780	0	0.99674980
UD_German	2	2670	0	0.99724983
UD_German	3	3560	0	0.99674980
UD_German	4	4450	0	0.99706232
UD_German	5	5340	0	0.99681230
UD_German	6	6230	0	0.99656229
UD_German	7	7120	0	0.99656229
UD_German	8	8010	0	0.99693731
UD_German	9	8900	0	0.99593725
